model;Training accuracy;Training top 5 accuracy;Best validation accuracy;Validation top 5 accuracy;Best epoch;Total epochs;Image size;Batch size;Activation function;Loss function;Optimizer;Learning rate;Weight decay;Momentum;Padding;Scheduler;Dropout;transforms;Description;All validation accuracy;All training accuracy;;;;;;;;;;;;;;;;;;;;;;;;;;;;;;;;;;;;;;;;;;;;;;;;;;;;;;;;;;;;;;;;;;;;;;;;;;;
CNN_1;0,271;;0,2731;;19;20;64;64;GELU;CrossEntropy;SGD with momentum;0,1;0,0005;0,9;1;Yes on plateau, patience=5;0.05, 0.10, 0.15, 0.2, 0.3;RandomHorizontalFlip, Normalizer:ImageNet;4 blocks of: conv-bn-actf,conv-bn-actf-maxp-drp. Ending with adaptive pooling before cf;[0.0834558223093255, 0.10060427894822799, 0.11121999020088193, 0.1076269802384452, 0.11693614241384942, 0.13571778539931406, 0.1464968152866242, 0.16544177690674505, 0.17328107137024334, 0.14568022211334314, 0.19189939572105177, 0.18226359627633512, 0.18830638575861505, 0.1763841254287114, 0.24203821656050956, 0.22929936305732485, 0.22570635309488812, 0.23191246121182427, 0.27159888943328436, 0.27306875714519024];[0.05263587733267998, 0.08689615745845074, 0.10363836824696802, 0.11025358324145534, 0.12033974437502552, 0.12895585773204296, 0.1399403813957287, 0.1442280207440075, 0.14998570786883908, 0.15958185307689166, 0.16378782310425088, 0.17179141655437136, 0.1733839683123035, 0.18204091632978073, 0.2178529135530238, 0.21956796929233532, 0.22900077585854875, 0.23145085548613664, 0.2632610559843195, 0.27101964147168117];;;;;;;;;;;;;;;;;;;;;;;;;;;;;;;;;;;;;;;;;;;;;;;;;;;;;;;;;;;;;;;;;;;;;;;;;;;
CNN_2;0,2778;;0,2874;;18;20;64;64;GELU;CrossEntropy;AdamW;0,001;0,001;0,0;1;Yes on plateau, patience=5;0.05, 0.10, 0.15, 0.2, 0.3;RandomHorizontalFlip, Normalizer:ImageNet;4 blocks of: conv-bn-actf,conv-bn-actf-maxp-drp. Ending with adaptive pooling before cf;[0.10076759758288421, 0.12281561326147314, 0.13996406990037563, 0.14535358484403071, 0.14355707986281235, 0.17148456638902498, 0.17148456638902498, 0.19483913114486362, 0.1901028907398334, 0.2059447983014862, 0.2242364853829822, 0.23076923076923078, 0.2459578637922587, 0.24742773150416464, 0.2570635309488813, 0.26147313408459905, 0.26686264902825413, 0.2773150416462518, 0.28744079699493713, 0.2862975665523436];[0.06684633917268978, 0.10367920290742783, 0.11727714484054065, 0.12826166850422638, 0.14030789333986687, 0.15047572379435664, 0.16199109804401976, 0.17175058189391154, 0.1795908367021928, 0.19518967699783576, 0.20298909714565724, 0.2136877781861244, 0.22218138756176242, 0.23328841520682755, 0.2460288292702846, 0.25084731920454084, 0.260320960431214, 0.2719180040017967, 0.2777981951080077, 0.2891502307158316];;;;;;;;;;;;;;;;;;;;;;;;;;;;;;;;;;;;;;;;;;;;;;;;;;;;;;;;;;;;;;;;;;;;;;;;;;;
CNN_3;0,2289;;0,2522;;17;20;64;64;RELU;CrossEntropy;AdamW;0,001;0,001;0;1;Yes on plateau, patience=5;0.05, 0.10, 0.15, 0.2, 0.3;RandomHorizontalFlip, Normalizer:ImageNet;4 blocks of: conv-bn-actf,conv-bn-actf-maxp-drp. Ending with adaptive pooling before cf;[0.07855626326963906, 0.11187326473950678, 0.13457455495672055, 0.14290380532418748, 0.15253960476890413, 0.16511513963743263, 0.1647885023681202, 0.18618324350808427, 0.1843867385268659, 0.20414829332026785, 0.20888453372529805, 0.2105177200718602, 0.21198758778376614, 0.22635962763351297, 0.23599542707822962, 0.24546790788829007, 0.24105830475257226, 0.2521639719091948, 0.25151069737056997, 0.2513473787359138];[0.06039446282004165, 0.08910122912327983, 0.10927355139042019, 0.11870635795663359, 0.12891502307158317, 0.1380211523541182, 0.14790314018538936, 0.15370166197068072, 0.16758544652701213, 0.1732614643309241, 0.18330679080403448, 0.1869410755849565, 0.19576136224427293, 0.2037649556943934, 0.20686838988933806, 0.21364694352566457, 0.22197721425946343, 0.22887827187716933, 0.23324758054636777, 0.24063865408959126]CNN_4;;;;;;;;;;;;;;;;;;;;;;;;;;;;;;;;;;;;;;;;;;;;;;;;;;;;;;;;;;;;;;;;;;;;;;;;;;;
CNN_4;0,2626;;0,2688;;19;20;64;64;GELU;CrossEntropy;AdamW;0,001;0,001;0;1;Yes on plateau, patience=5;0.05, 0.10, 0.15, 0.2, 0.3;RandomHorizontalFlip, Normalizer:ImageNet;5 blocks of: conv-bn-actf,conv-bn-actf-maxp-drp. Ending with adaptive pooling before cf;[0.0674505961130165, 0.09211170994610485, 0.105177200718602, 0.12101910828025478, 0.12510207414666014, 0.15466274701943492, 0.1638085905601829, 0.17916054221786706, 0.1807937285644292, 0.1954924056834885, 0.20790462191736078, 0.21002776416789157, 0.2185203331700147, 0.21770373999673362, 0.23354564755838642, 0.25232729054385106, 0.24759105013882085, 0.2644128695084109, 0.2645761881430671, 0.2688224726441287];[0.04389725999428315, 0.07080730123729022, 0.09146963942994814, 0.10690514108375189, 0.12417820245824655, 0.13189595328514844, 0.14406468210216833, 0.1534566540079219, 0.16876965168034627, 0.17636489852586876, 0.1820000816693209, 0.19555718894197394, 0.20605169668014212, 0.213361100902446, 0.22071133978520968, 0.22834742129119195, 0.23888276368981992, 0.24545714402384744, 0.255869982441096, 0.2626485360774225];;;;;;;;;;;;;;;;;;;;;;;;;;;;;;;;;;;;;;;;;;;;;;;;;;;;;;;;;;;;;;;;;;;;;;;;;;;
CNN_5;0,2896;;0,2899;;19;20;64;64;GELU;CrossEntropy;AdamW;0,001;0,001;0;1;Yes on plateau, patience=5;0.05, 0.10, 0.15, 0.2, 0.3;RandomHorizontalFlip, Normalizer:ImageNet;4 blocks of: conv-bn-actf,conv-bn-actf-maxp-drp. Ending with adaptive pooling before cf;[0.10011432304425935, 0.11954924056834886, 0.13081822635962764, 0.14323044259349993, 0.15155969296096686, 0.17589416952474277, 0.17899722358321085, 0.19434917524089498, 0.21100767597582884, 0.2072513473787359, 0.22831945124938754, 0.22488975992160706, 0.24220153519516577, 0.24530458925363385, 0.24987751102400785, 0.2724154826065654, 0.2694757471827536, 0.27388535031847133, 0.2817246447819696, 0.28989057651478034];[0.07150149046510679, 0.09812568908489526, 0.11556208910122913, 0.12687329004859324, 0.13769447507043978, 0.15337498468700234, 0.16542120952264283, 0.17399648821920047, 0.1846951692596676, 0.19543468496059455, 0.20478582220588837, 0.21846543345992078, 0.22675486953325982, 0.23079750091877985, 0.24031197680591285, 0.2530523908693699, 0.2626893707378823, 0.2680387112581159, 0.2795949201682388, 0.2896402466413492];;;;;;;;;;;;;;;;;;;;;;;;;;;;;;;;;;;;;;;;;;;;;;;;;;;;;;;;;;;;;;;;;;;;;;;;;;;
CNN_6;0,3492;;0,3392;;19;20;64;64;GELU;CrossEntropy;AdamW;0,001;0,001;0;1;Yes on plateau, patience=5;0.05, 0.10, 0.15, 0.2, 0.3;RandomHorizontalFlip, Normalizer:ImageNet;4 blocks of: conv-bn-actf,conv-bn-actf-maxp-drp. Ending with adaptive pooling before cf;[0.1154662747019435, 0.12902172137840928, 0.1636452719255267, 0.17752735587130491, 0.1798138167564919, 0.20921117099461048, 0.21901028907398334, 0.2482443246774457, 0.2448146333496652, 0.25330720235178833, 0.2735587130491589, 0.2797648211660951, 0.2871141597256247, 0.2954434100930916, 0.3062224399804018, 0.31879797484893024, 0.31373509717458764, 0.32239098481136697, 0.3276171811203658, 0.33921280418095706];[0.06500877945199886, 0.10045326473110376, 0.12617910082077669, 0.14243129568377638, 0.16174609008126098, 0.17689574911184613, 0.19012617910082077, 0.2032749397688758, 0.21711788966474743, 0.2322267140348728, 0.24488545877741028, 0.25885091265466126, 0.27167299603903794, 0.2816774878516885, 0.2964596349381355, 0.30197231410020825, 0.31414104291722816, 0.327330638245743, 0.33811098860712974, 0.34921801625219484];;;;;;;;;;;;;;;;;;;;;;;;;;;;;;;;;;;;;;;;;;;;;;;;;;;;;;;;;;;;;;;;;;;;;;;;;;;
CNN_7;0,3097;;0,3163;;18;20;64;64;GELU;CrossEntropy;AdamW;0,001;0,001;0;1;Yes on plateau, patience=5;0.05, 0.10, 0.15, 0.2, 0.3;RandomHorizontalFlip, Normalizer:ImageNet;4 blocks of: conv-bn-actf,conv-bn-actf-maxp-drp. Removed 1 max pooling. Ending with adaptive pooling before cf;[0.10027764167891556, 0.12510207414666014, 0.14829332026784256, 0.16903478686918177, 0.169198105503838, 0.19581904295280092, 0.20790462191736078, 0.2252163971909195, 0.23403560346235505, 0.24089498611791604, 0.2564102564102564, 0.2573901682181937, 0.27633512983831454, 0.28286787522456314, 0.2921770373999673, 0.29152376286134246, 0.3098154499428385, 0.30965213130818225, 0.31634819532908703, 0.31422505307855625];[0.05912858834578791, 0.09285801788558128, 0.11290783617134223, 0.12875168442974397, 0.1472497856180326, 0.16603372942953978, 0.17669157580954714, 0.18935032055208462, 0.20298909714565724, 0.21438196741394094, 0.22442729388705132, 0.23451345502062151, 0.2512965004695986, 0.2602392911102944, 0.26926375107190986, 0.27787986442892726, 0.2906202784923843, 0.3013189595328515, 0.30973089958756994, 0.32083792723263505];;;;;;;;;;;;;;;;;;;;;;;;;;;;;;;;;;;;;CNN_8;0,3249;0,3232;19;20;64;64;GELU;CrossEntropy;AdamW;0,002;0,001;0;1;Yes on plateau, patience=5;0.05, 0.10, 0.15, 0.2, 0.3;RandomHorizontalFlip, Normalizer:ImageNet;4 blocks of: conv-bn-actf,conv-bn-actf-maxp-drp. Removed 1 max pooling. Ending with adaptive pooling before cf;[0.116609505144537, 0.12640862322390986, 0.15057978115302956, 0.17213784092764983, 0.17213784092764983, 0.19581904295280092, 0.2000653274538625, 0.2093744896292667, 0.2301159562306059, 0.24203821656050956, 0.25249060917850724, 0.2573901682181937, 0.26833251674016007, 0.26555609995100443, 0.2871141597256247, 0.30426261636452717, 0.2908704883227176, 0.30638575861505796, 0.31079536175077577, 0.32320757798464805];[0.06860222957246111, 0.1066601331209931, 0.12217730409571645, 0.14055290130262568, 0.1539875045938993, 0.16427783902976847, 0.17848830086977827, 0.1919637388215117, 0.20045734819714975, 0.21528032994405652, 0.22818408264935278, 0.241700355261546, 0.2540732573808649, 0.26252603209604314, 0.2719588386622565, 0.28510759933031155, 0.29825635999836664, 0.3028706766303238, 0.3143043815590673, 0.3249213932786149];;;;;;;;;;;;;;;;;;;
CNN_8;0,3249;;0,3232;;19;20;64;64;GELU;CrossEntropy;AdamW;0,002;0,001;0;1;Yes on plateau, patience=5;0.05, 0.10, 0.15, 0.2, 0.3;RandomHorizontalFlip, Normalizer:ImageNet;4 blocks of: conv-bn-actf,conv-bn-actf-maxp-drp. Removed 1 max pooling. Ending with adaptive pooling before cf;[0.116609505144537, 0.12640862322390986, 0.15057978115302956, 0.17213784092764983, 0.17213784092764983, 0.19581904295280092, 0.2000653274538625, 0.2093744896292667, 0.2301159562306059, 0.24203821656050956, 0.25249060917850724, 0.2573901682181937, 0.26833251674016007, 0.26555609995100443, 0.2871141597256247, 0.30426261636452717, 0.2908704883227176, 0.30638575861505796, 0.31079536175077577, 0.32320757798464805];[0.06860222957246111, 0.1066601331209931, 0.12217730409571645, 0.14055290130262568, 0.1539875045938993, 0.16427783902976847, 0.17848830086977827, 0.1919637388215117, 0.20045734819714975, 0.21528032994405652, 0.22818408264935278, 0.241700355261546, 0.2540732573808649, 0.26252603209604314, 0.2719588386622565, 0.28510759933031155, 0.29825635999836664, 0.3028706766303238, 0.3143043815590673, 0.3249213932786149];;;;;;;;;;;;;;;;;;;;;;;;;;;;;;;;;;;;;;;;;;;;;;;;;;;;;;;;;;;;;;;;;;;;;;;;;;;
CNN_9;0,3134;;0,324;;18;20;64;64;GELU;CrossEntropy;AdamW;0,001;0,001;0;1;Yes on plateau, patience=5;0.05, 0.10, 0.15, 0.2, 0.3;RandomHorizontalFlip, Normalizer:ImageNet, RandomRotation(10);4 blocks of: conv-bn-actf,conv-bn-actf-maxp-drp. Removed 1 max pooling. Ending with adaptive pooling before cf;[0.11236322064347543, 0.13718765311122, 0.15417279111546628, 0.16184876694430836, 0.18699983668136536, 0.20561816103217376, 0.2162338722848277, 0.22341989220970113, 0.24399804017638413, 0.24857096194675812, 0.2567368936795688, 0.26849583537481625, 0.28123468887800096, 0.2862975665523436, 0.2978931896129348, 0.29560672872774785, 0.2998530132288094, 0.3145516903478687, 0.32402417115792914, 0.3238608525232729];[0.0641104169218833, 0.1019233125076565, 0.1184613499938748, 0.14071623994446486, 0.15758095471436154, 0.17179141655437136, 0.18616521703622035, 0.20270325452243865, 0.2152394952835967, 0.22177304095716444, 0.23573849483441545, 0.25023479929764386, 0.25974927518477686, 0.27089713749030175, 0.2770631712197313, 0.2890277267344522, 0.2995630691330802, 0.30723998529952223, 0.31344685368941155, 0.3290048593245947];;;;;;;;;;;;;;;;;;;;;;;;;;;;;;;;;;;;;;;;;;;;;;;;;;;;;;;;;;;;;;;;;;;;;;;;;;;
CNN_10_test;0,2937;;0,3137;;19;20;64;64;GELU;CrossEntropy;AdamW;0,001;0,001;0;1;Yes on plateau, patience=5;0.05, 0.10, 0.15, 0.2, 0.3;RandomHorizontalFlip, Normalizer:ImageNet, RandomRotation(10), RandomErasing(p=0.3);4 blocks of: conv-bn-actf,conv-bn-actf-maxp-drp. Removed 1 max pooling. Ending with adaptive pooling before cf;[0.11415972562469377, 0.14208721215090642, 0.15351951657684143, 0.17573085089008655, 0.17426098317818062, 0.19287930752898905, 0.20169851380042464, 0.22488975992160706, 0.22978931896129348, 0.2265229462681692, 0.24922423648538297, 0.2562469377756002, 0.26637269312428546, 0.2631063204311612, 0.2781316348195329, 0.28662420382165604, 0.2983831455169035, 0.29903642005552833, 0.308672219500245, 0.31373509717458764];[0.06504961411245866, 0.09967740618236759, 0.1162562783290457, 0.13103842541549268, 0.14418718608354772, 0.16174609008126098, 0.1726081097635673, 0.18040752991138878, 0.19633304749071012, 0.20311160112703663, 0.2153211646045163, 0.2208746784270489, 0.23390093511372453, 0.23998529952223446, 0.24798889297235494, 0.2607701416962718, 0.26701784474662094, 0.27828821103352525, 0.2822083384376659, 0.293723712687329];;;;;;;;;;;;;;;;;;;;;;;;;;;;;;;;;;;;;;;;;;;;;;;;;;;;;;;;CNN_10_test2;0,6276;0,5074;85;100;128;64;GELU;CrossEntropy;AdamW;0,001;0,001;0;1;Yes on plateau, patience=5;0.05, 0.10, 0.15, 0.2, 0.3;RandomHorizontalFlip, Normalizer:ImageNet, RandomRotation(10), RandomErasing(p=0.3);4 blocks of: conv-bn-actf,conv-bn-actf-maxp-drp. Removed 1 max pooling. Ending with adaptive pooling before cf;[0.11840601012575534, 0.14045402580434427, 0.14110730034296914, 0.16789155642658826, 0.18161032173771027, 0.19647231749142577, 0.20055528335783113, 0.2150906418422342, 0.2253797158255757, 0.2412216233872285, 0.24791768740813327, 0.2678425608361914, 0.27388535031847133, 0.29119712559203004, 0.2918504001306549, 0.2965866405356851, 0.31308182263596274, 0.3300669606402091, 0.32859709292830314, 0.3428058141433938, 0.3673036093418259, 0.36583374162992, 0.35946431487832764, 0.37840927649844847, 0.3882083945778213, 0.3901682181936959, 0.4027437530622244, 0.39751755675322553, 0.40078392944634983, 0.40568348848603625, 0.40699003756328594, 0.41254287114159727, 0.4265882737220317, 0.425281724644782, 0.42969132778049973, 0.44145026947574717, 0.4474930589580271, 0.4427568185529969, 0.4396537644945288, 0.4507594316511514, 0.4510860689204638, 0.4497795198432141, 0.45010615711252655, 0.45598562796015024, 0.45957863792258696, 0.4677445696553977, 0.45582230932549406, 0.4724808100604279, 0.4713375796178344, 0.47525722684958355, 0.4594153192879308, 0.46986771190592846, 0.46986771190592846, 0.47411399640699003, 0.47035766780989713, 0.4749305895802711, 0.48472970765964396, 0.49469214437367304, 0.4928956393924547, 0.4899559039686428, 0.4919157275845174, 0.4973052425281725, 0.4948554630083293, 0.4920790462191736, 0.49011922260329904, 0.4935489139310795, 0.4951821002776417, 0.49175240894986116, 0.5012248897599216, 0.5049812183570145, 0.5002449779519843, 0.5000816593173281, 0.5005716152212968, 0.5056344928956394, 0.501551527029234, 0.5023681202025151, 0.5056344928956394, 0.5044912624530459, 0.5018781642985465, 0.5023681202025151, 0.5051445369916707, 0.5031847133757962, 0.5051445369916707, 0.5057978115302956, 0.5013882083945779, 0.5074309978768577, 0.5059611301649518, 0.5051445369916707, 0.5044912624530459, 0.5048178997223584, 0.5056344928956394, 0.5033480320104524, 0.5051445369916707, 0.5028580761064837, 0.5057978115302956, 0.5036746692797648, 0.5066144047035767, 0.5020414829332027, 0.5051445369916707, 0.5035113506451087];[0.06798970966556413, 0.10478173873984238, 0.12229980807709584, 0.1353260647637715, 0.146963942994814, 0.16435950835068808, 0.1749356854097758, 0.18436849197598923, 0.19776226060680305, 0.2082159336845114, 0.21948629997141575, 0.2296949650863653, 0.2367593613459104, 0.24982645269304585, 0.2610151496590306, 0.2717138306994977, 0.2818816611539875, 0.28796602556249745, 0.29948139981216054, 0.31124178202458247, 0.3205112499489567, 0.3272898035852832, 0.33733513005839355, 0.3443995263179387, 0.3551390420188656, 0.3671852668545061, 0.3735146392257748, 0.3832741230756666, 0.3798031769365838, 0.3937686308138348, 0.4001388378455633, 0.40491649311935973, 0.41406345706235453, 0.41826942708971376, 0.42586467393523625, 0.43011147862305527, 0.4318265343623668, 0.4428927273469721, 0.44358691657478866, 0.4550206215035322, 0.4589815835681326, 0.46085997794928335, 0.46800604352974806, 0.47470292784515494, 0.47698966883090366, 0.4784188819469966, 0.4879333578341296, 0.48907672832700394, 0.4974478337212626, 0.5008779451998857, 0.50002041733023, 0.5073706562129936, 0.5134958552819633, 0.5176201559884029, 0.5186818571603578, 0.5253379068153048, 0.549797868430724, 0.5563314141042918, 0.5575564539180857, 0.5615174159826861, 0.5626199518151006, 0.5724611049859121, 0.5707052145861408, 0.572665278288211, 0.574298664706603, 0.5734411368369472, 0.5811180530033893, 0.5792804932826984, 0.5978194291314468, 0.5998203274939768, 0.6023929111029441, 0.600187839438115, 0.6048838253909918, 0.6058230225815673, 0.6098656539670873, 0.6058638572420271, 0.6104781738739843, 0.6133366001061701, 0.6109681897995018, 0.6148066478827229, 0.6185634366450243, 0.621258524235371, 0.6176242394544489, 0.6243211237698558, 0.6223610600677856, 0.6275878966066397, 0.6287312670995141, 0.6255869982441096, 0.6306504961411246, 0.6290579443831924, 0.6284454244762955, 0.6308546694434236, 0.6349381354894034, 0.6358773326799788, 0.6311813467271019, 0.6368981991914737, 0.6364898525868757, 0.6412266732002123, 0.6419208624280289, 0.6426967209767651]
CNN_11;0,2626;;0,2883;;19;20;64;64;GELU;CrossEntropy;AdamW;0,001;0,001;0;1;Yes on plateau, patience=5;0.05, 0.10, 0.15, 0.2, 0.3;RandomHorizontalFlip, Normalizer:ImageNet, RandomRotation(10), RandomErasing(p=0.3);2 blocks of: conv-bn-actf,conv-bn-actf-maxp-drp. then another 1 without maxpooling. Ending with adaptive pooling before cf;[0.11628286787522456, 0.15155969296096686, 0.15825575698187164, 0.17867058631389843, 0.18863302302792748, 0.20529152376286133, 0.2150906418422342, 0.21656050955414013, 0.23158582394251184, 0.22701290217213785, 0.2412216233872285, 0.24644781969622734, 0.25151069737056997, 0.2653927813163482, 0.26359627633512983, 0.27437530622244, 0.27502858076106484, 0.28335783112853175, 0.2825412379552507, 0.2882573901682182];[0.06525378741475765, 0.10171913920535751, 0.11997223243088734, 0.13536689942423127, 0.15337498468700234, 0.1632978071787333, 0.17330229899138389, 0.18367430274817265, 0.19245375474702928, 0.2012332067458859, 0.20449997958266977, 0.213361100902446, 0.21875127608313938, 0.2268773735146392, 0.2347584629833803, 0.24076115807097065, 0.24500796275878967, 0.25101065784638, 0.2582792274082241, 0.2626077014169627];;;;;;;;;;;;;;;;;;;;;;;;;;;;;;;;;;;;;;;;;;;;;;;;;;;;;;;;;;;;;;;;;;;;;;;;;;;
CNN_12;0,267;;0,293;;18;20;64;64;GELU;CrossEntropy;AdamW;0,0003;0,0001;0;1;warmup + cosine;0.05, 0.10, 0.15, 0.2, 0.3;RandomHorizontalFlip, Normalizer:ImageNet, RandomRotation(10), RandomErasing(p=0.3);4,5 double blocks of: conv-bn-actf,conv-bn-actf-maxp-drp. Ending with adaptive pooling before cf;[0.046382492242364855, 0.09799118079372857, 0.12510207414666014, 0.1451902662093745, 0.16642168871468235, 0.17916054221786706, 0.20071860199248734, 0.2072513473787359, 0.2242364853829822, 0.2276661767107627, 0.2426914910991344, 0.24154826065654092, 0.2554303446023191, 0.2662093744896293, 0.26490282541237953, 0.2797648211660951, 0.28368446839784417, 0.2815613261473134, 0.2929936305732484, 0.2827045565899069];[0.02258156723426845, 0.057617705908775366, 0.0806484544081016, 0.09914655559639021, 0.11572542774306832, 0.13397852096859814, 0.1490056760178039, 0.1662787373922986, 0.17595655192127077, 0.18984033647760218, 0.20049818285760954, 0.20915513087508678, 0.21883294540405895, 0.23190003675119442, 0.23553432153211645, 0.24464045081465147, 0.24954061006982728, 0.2628118747192617, 0.26697701008616115, 0.2742455796480052];;;;;;;;;;;;;;;;;;;;;;;;;;;;;;;;;;;;;;;;;;;;;;;;;;;;;;;;;;;;;;;;;;;;;;;;;;;
CNN_13;0,6248;;0,384;;91;100;64;64;GELU;CrossEntropy;AdamW;0,001;0,0001;0;1;Reduce on plateau;0.05, 0.10, 0.15, 0.2, 0.3;RandomHorizontalFlip, Normalizer:ImageNet, RandomRotation(10), RandomErasing(p=0.3);4,5 double blocks of: conv-bn-actf,conv-bn-actf-maxp-drp. Ending with adaptive pooling before cf;[0.09652131308182263, 0.11285317654744406, 0.12118242691491099, 0.14568022211334314, 0.16495182100277642, 0.17458762044749307, 0.18961293483586478, 0.18846970439327126, 0.20071860199248734, 0.20888453372529805, 0.21868365180467092, 0.22505307855626328, 0.2288094071533562, 0.2521639719091948, 0.24922423648538297, 0.2578801241221623, 0.26098317818063044, 0.269802384452066, 0.26931242854809734, 0.2797648211660951, 0.27960150253143884, 0.29348358647721706, 0.2895639392454679, 0.29723991507430997, 0.30752898905765147, 0.3024661113833088, 0.3076923076923077, 0.31291850400130655, 0.3227176220806794, 0.3230442593499918, 0.32320757798464805, 0.32337089661930424, 0.3320267842560836, 0.3308835538134901, 0.3328433774293647, 0.3428058141433938, 0.34149926506614403, 0.34492895639392457, 0.34705209864445535, 0.3457455495672056, 0.34345908868201863, 0.3457455495672056, 0.3441123632206435, 0.35325820676139147, 0.35195165768414177, 0.3524416135881104, 0.3478686918177364, 0.36191409439817085, 0.35162502041482935, 0.3527682508574228, 0.3606075453209211, 0.36077086395557734, 0.3530948881267353, 0.3604442266862649, 0.37367303609341823, 0.3659970602645762, 0.3753062224399804, 0.3718765311121999, 0.3718765311121999, 0.3754695410746366, 0.37595949697860526, 0.3699167074963253, 0.3744896292666993, 0.36779356524579454, 0.3717132124775437, 0.37220316838151235, 0.37008002613098157, 0.379552506941042, 0.37465294790135556, 0.371223256573575, 0.3766127715172301, 0.374979585170668, 0.37693940878654253, 0.37840927649844847, 0.37971582557569816, 0.37710272742119877, 0.37922586967172955, 0.37677609015188634, 0.37579617834394907, 0.37840927649844847, 0.37922586967172955, 0.37938918830638574, 0.3831455169034787, 0.3828188796341663, 0.3823289237301976, 0.3811856932876041, 0.3785725951331047, 0.38183896782622895, 0.38265556099951004, 0.37971582557569816, 0.38004246284501064, 0.38396211007675973, 0.3831455169034787, 0.38134901192226034, 0.3834721541727911, 0.3811856932876041, 0.3806957373836355, 0.37889923240241713, 0.38053241874897925, 0.38265556099951004];[0.05333006656049655, 0.08403773122626486, 0.10024909142880477, 0.11401037200375679, 0.12777165257870882, 0.13789864837273877, 0.1466781003715954, 0.15815263996079873, 0.16836130507574829, 0.1797950100044918, 0.1842459879946098, 0.1965780554534689, 0.20196823063416228, 0.2107885172934787, 0.21409612479072238, 0.22846992527257134, 0.23402343909510392, 0.24488545877741028, 0.2483564049164931, 0.25468577728776187, 0.26170933888684716, 0.26910041243007066, 0.27771652578708805, 0.28004410143329656, 0.28772101759973867, 0.29462207521744455, 0.30250316468618565, 0.30723998529952223, 0.312344317856997, 0.3189595328514843, 0.33031156845930826, 0.33496671975172526, 0.3395402017232227, 0.34917718159173505, 0.35199477316346117, 0.3600800359345012, 0.3628159581853077, 0.37461717505818937, 0.38241659520601085, 0.38245742986647063, 0.39013434603291275, 0.3976887582179754, 0.40185389358487483, 0.40356894932418635, 0.4141859610437339, 0.4166768753317816, 0.4267630364653518, 0.43252072359018334, 0.44179019151455756, 0.446363673486055, 0.44722120135571075, 0.4533872350851403, 0.4573481971497407, 0.46649516109273553, 0.4897300828943607, 0.5096165625382825, 0.5127199967332272, 0.5158642655886316, 0.5201927395973702, 0.5302789007309404, 0.5298297194658826, 0.5308097513169178, 0.5371391236881865, 0.5414267630364653, 0.5455102290824452, 0.5405692351668095, 0.5553105475927967, 0.5715627424557965, 0.5713994038139573, 0.5796888398872964, 0.5776062722038466, 0.587447425374658, 0.5901016783045449, 0.5895299930581077, 0.5961043733921353, 0.5994119808893789, 0.6042713054840949, 0.6032504389725999, 0.6063947078280044, 0.6094164727020295, 0.609498142022949, 0.6152966638082404, 0.6138266160316876, 0.6131732614643309, 0.6124382375760545, 0.6147249785618033, 0.616195026338356, 0.6151741598268611, 0.6188901139287026, 0.6200743190820368, 0.619216791212381, 0.6247703050349136, 0.6197068071378986, 0.6191759565519213, 0.6219935481236474, 0.6232185879374413, 0.6230144146351423, 0.6218302094818081, 0.6279145738903181, 0.6239944464861774];;;;;;;;;;;;;;;;;;;;;;;;;;;;;;;;;;;;;;;;;;;;;;;;;;;;;;;;;;;;;;;;;;;;;;;;;;;
CNN_50%;0,6248;;0,384;;91;100;64;64;GELU;CrossEntropy;AdamW;0,001;0,0001;0;1;Reduce on plateau;0.05, 0.10, 0.15, 0.2, 0.3;RandomHorizontalFlip, Normalizer:ImageNet, RandomRotation(10), RandomErasing(p=0.3);4,5 double blocks of: conv-bn-actf,conv-bn-actf-maxp-drp. Ending with adaptive pooling before cf;[0.09652131308182263, 0.11285317654744406, 0.12118242691491099, 0.14568022211334314, 0.16495182100277642, 0.17458762044749307, 0.18961293483586478, 0.18846970439327126, 0.20071860199248734, 0.20888453372529805, 0.21868365180467092, 0.22505307855626328, 0.2288094071533562, 0.2521639719091948, 0.24922423648538297, 0.2578801241221623, 0.26098317818063044, 0.269802384452066, 0.26931242854809734, 0.2797648211660951, 0.27960150253143884, 0.29348358647721706, 0.2895639392454679, 0.29723991507430997, 0.30752898905765147, 0.3024661113833088, 0.3076923076923077, 0.31291850400130655, 0.3227176220806794, 0.3230442593499918, 0.32320757798464805, 0.32337089661930424, 0.3320267842560836, 0.3308835538134901, 0.3328433774293647, 0.3428058141433938, 0.34149926506614403, 0.34492895639392457, 0.34705209864445535, 0.3457455495672056, 0.34345908868201863, 0.3457455495672056, 0.3441123632206435, 0.35325820676139147, 0.35195165768414177, 0.3524416135881104, 0.3478686918177364, 0.36191409439817085, 0.35162502041482935, 0.3527682508574228, 0.3606075453209211, 0.36077086395557734, 0.3530948881267353, 0.3604442266862649, 0.37367303609341823, 0.3659970602645762, 0.3753062224399804, 0.3718765311121999, 0.3718765311121999, 0.3754695410746366, 0.37595949697860526, 0.3699167074963253, 0.3744896292666993, 0.36779356524579454, 0.3717132124775437, 0.37220316838151235, 0.37008002613098157, 0.379552506941042, 0.37465294790135556, 0.371223256573575, 0.3766127715172301, 0.374979585170668, 0.37693940878654253, 0.37840927649844847, 0.37971582557569816, 0.37710272742119877, 0.37922586967172955, 0.37677609015188634, 0.37579617834394907, 0.37840927649844847, 0.37922586967172955, 0.37938918830638574, 0.3831455169034787, 0.3828188796341663, 0.3823289237301976, 0.3811856932876041, 0.3785725951331047, 0.38183896782622895, 0.38265556099951004, 0.37971582557569816, 0.38004246284501064, 0.38396211007675973, 0.3831455169034787, 0.38134901192226034, 0.3834721541727911, 0.3811856932876041, 0.3806957373836355, 0.37889923240241713, 0.38053241874897925, 0.38265556099951004];[0.05333006656049655, 0.08403773122626486, 0.10024909142880477, 0.11401037200375679, 0.12777165257870882, 0.13789864837273877, 0.1466781003715954, 0.15815263996079873, 0.16836130507574829, 0.1797950100044918, 0.1842459879946098, 0.1965780554534689, 0.20196823063416228, 0.2107885172934787, 0.21409612479072238, 0.22846992527257134, 0.23402343909510392, 0.24488545877741028, 0.2483564049164931, 0.25468577728776187, 0.26170933888684716, 0.26910041243007066, 0.27771652578708805, 0.28004410143329656, 0.28772101759973867, 0.29462207521744455, 0.30250316468618565, 0.30723998529952223, 0.312344317856997, 0.3189595328514843, 0.33031156845930826, 0.33496671975172526, 0.3395402017232227, 0.34917718159173505, 0.35199477316346117, 0.3600800359345012, 0.3628159581853077, 0.37461717505818937, 0.38241659520601085, 0.38245742986647063, 0.39013434603291275, 0.3976887582179754, 0.40185389358487483, 0.40356894932418635, 0.4141859610437339, 0.4166768753317816, 0.4267630364653518, 0.43252072359018334, 0.44179019151455756, 0.446363673486055, 0.44722120135571075, 0.4533872350851403, 0.4573481971497407, 0.46649516109273553, 0.4897300828943607, 0.5096165625382825, 0.5127199967332272, 0.5158642655886316, 0.5201927395973702, 0.5302789007309404, 0.5298297194658826, 0.5308097513169178, 0.5371391236881865, 0.5414267630364653, 0.5455102290824452, 0.5405692351668095, 0.5553105475927967, 0.5715627424557965, 0.5713994038139573, 0.5796888398872964, 0.5776062722038466, 0.587447425374658, 0.5901016783045449, 0.5895299930581077, 0.5961043733921353, 0.5994119808893789, 0.6042713054840949, 0.6032504389725999, 0.6063947078280044, 0.6094164727020295, 0.609498142022949, 0.6152966638082404, 0.6138266160316876, 0.6131732614643309, 0.6124382375760545, 0.6147249785618033, 0.616195026338356, 0.6151741598268611, 0.6188901139287026, 0.6200743190820368, 0.619216791212381, 0.6247703050349136, 0.6197068071378986, 0.6191759565519213, 0.6219935481236474, 0.6232185879374413, 0.6230144146351423, 0.6218302094818081, 0.6279145738903181, 0.6239944464861774];;;;;;;;;;;;;;;;;;;;;;;;;;;;;;;;;;;;;;;;;;;;;;;;;;;;;;;;;;;;;;;;;;;;;;;;;;;
CNN_50_224;0,7218;;0,5644;;83;100;224;32;GELU;CrossEntropy;AdamW;0,001;0,001;0;1;Yes on plateau, patience=5;0.05, 0.10, 0.15, 0.2, 0.3;RandomHorizontalFlip, Normalizer:ImageNet, RandomRotation(10), RandomErasing(p=0.3);4 blocks of: conv-bn-actf,conv-bn-actf-maxp-drp. Removed 1 max pooling. Ending with adaptive pooling before cf;[0.10713702433447657, 0.13800424628450106, 0.15760248244324676, 0.1579291197125592, 0.1739343459088682, 0.19140943981708314, 0.1969622733953944, 0.21868365180467092, 0.2322390984811367, 0.2390984811366977, 0.2551037073330067, 0.26833251674016007, 0.26833251674016007, 0.2978931896129348, 0.29772987097827863, 0.31373509717458764, 0.3076923076923077, 0.31994120529152376, 0.32859709292830314, 0.3480320104523926, 0.3481953290870488, 0.3659970602645762, 0.37840927649844847, 0.38624857096194676, 0.3981708312918504, 0.39898742446513147, 0.4071533561979422, 0.41025641025641024, 0.42756818552996895, 0.4313245141270619, 0.4404703576678099, 0.44112363220643475, 0.4425934999183407, 0.4427568185529969, 0.4530458925363384, 0.45827208884533727, 0.45631226522946267, 0.4631716478850237, 0.47280744732974034, 0.4804834231585824, 0.4793401927159889, 0.48881267352604935, 0.4837497958517067, 0.4935489139310795, 0.48848603625673687, 0.4964886493548914, 0.4942021884697044, 0.5017148456638902, 0.5084109096847951, 0.5080842724154826, 0.5084109096847951, 0.5157602482443246, 0.5218030377266046, 0.5173934345908868, 0.5237628613424792, 0.5084109096847951, 0.5162502041482934, 0.5136371059937939, 0.5280091458435408, 0.5214764004572922, 0.5376449452882573, 0.5276825085742283, 0.530458925363384, 0.535031847133758, 0.5224563122652295, 0.5376449452882573, 0.5307855626326964, 0.5446676465784746, 0.5484239751755675, 0.54875061244488, 0.54875061244488, 0.5414012738853503, 0.5469541074636616, 0.5547934019271599, 0.5456475583864119, 0.5503837987914421, 0.5507104360607545, 0.5533235342152539, 0.5512003919647231, 0.5469541074636616, 0.5554466764657847, 0.5592030050628777, 0.554140127388535, 0.5644292013718766, 0.5583864118895966, 0.5536501714845664, 0.5577331373509717, 0.5605095541401274, 0.5551200391964723, 0.5592030050628777, 0.5623060591213458, 0.5618161032173771, 0.5624693777560019, 0.5614894659480647];[0.05872024174118992, 0.09649230266650333, 0.11592960104536731, 0.1303034015272163, 0.14377883947894973, 0.15545755237045203, 0.16468618563436646, 0.17644656784678836, 0.18396014537139124, 0.20070235615990853, 0.2067867205684185, 0.22381477398015434, 0.23357425783004615, 0.24729470374453835, 0.25509412389235986, 0.26910041243007066, 0.28090162930295237, 0.2861693005022663, 0.3008697782677937, 0.3104250888153865, 0.321450447139532, 0.3298623871942505, 0.3381518232675895, 0.35207644248438075, 0.3580791375719711, 0.36640940830576996, 0.3766589080811793, 0.38760259708440525, 0.3911960472048675, 0.4050389971007391, 0.403650618645106, 0.4192494589407489, 0.4312548491159296, 0.43537914982236925, 0.4419126954959369, 0.446363673486055, 0.4575932051124995, 0.4624933643676753, 0.4712319817060721, 0.4764996529053861, 0.48164482012332066, 0.48883172036424516, 0.4904242721221773, 0.500387929274368, 0.5051655845481645, 0.5102699171056393, 0.5172934787047245, 0.5223978112621993, 0.524888725550247, 0.5344848707582996, 0.5375883049532443, 0.5432643227571563, 0.5498795377516436, 0.5576381232390053, 0.559108171015558, 0.5639266609498143, 0.5673159377679775, 0.5711952305116583, 0.5810363836824697, 0.578545469394422, 0.5901425129650048, 0.5929601045367308, 0.5948793335783413, 0.6042304708236351, 0.6015762178937483, 0.6098656539670873, 0.6211768549144514, 0.6459634938135489, 0.6578463800073502, 0.6585405692351668, 0.6675650291967822, 0.6695659275593123, 0.6730368736983952, 0.6714034872800033, 0.6804279472416187, 0.6793254114092041, 0.6844705786271387, 0.6858997917432317, 0.6948834170443873, 0.6944342357793295, 0.7092572175262363, 0.7112581158887664, 0.7197108906039447, 0.7217934582873944, 0.7184858507901507, 0.7244477112172812, 0.7250602311241782, 0.7292662011515374, 0.7307362489280902, 0.7338396831230348, 0.7408632447221202, 0.7406590714198211, 0.7411899220057985, 0.7442525215402834];;;;;;;;;;;;;;;;;;;;;;;;;;;;;;;;;;;;;;;;;;;;;;;;;;;;;;;;;;;;;;;;;;;;;;;;;;;CNN_15_test;0,7282;0,9338;0,5607;0,804;74;100;224;32;GELU;CrossEntropy met labelsmoothing;AdamW;0,0003;0,001;0;1;Cosine annealing;0.05, 0.10, 0.15, 0.2, 0.3;RandomHorizontalFlip, Normalizer:ImageNet, RandomRotation(10), RandomErasing(p=0.3);5 double blocks of: conv-bn-actf,conv-bn-actf-maxp-drp. Ending with adaptive pooling before cf;[0.12167238282374691, 0.13931079536661806, 0.16936142414336147, 0.1778539931454846, 0.19320594481290332, 0.21541727912614844, 0.22929936307192667, 0.24824432468718025, 0.25379715826549154, 0.27633512985291636, 0.28009145844514205, 0.2967499591800759, 0.30246611139304336, 0.31847133759421964, 0.3173281071516262, 0.33659970603619216, 0.33855952965693403, 0.352278294968056, 0.3540747999492744, 0.3811856933070732, 0.365997060279178, 0.3929446350071879, 0.3968642822340698, 0.4073166748569348, 0.4089498612034969, 0.4158092438493234, 0.4270782296503367, 0.4319777886900231, 0.44047035769214626, 0.45173934348342504, 0.4525559366567061, 0.45696553979242394, 0.4636616038133287, 0.46643802060248435, 0.476073820047201, 0.47395067779180294, 0.4780336436582083, 0.4909358158009165, 0.48799608037223735, 0.4933855953207597, 0.49240568351282243, 0.5098807774210373, 0.5018781643228828, 0.5012248897842579, 0.505797811554632, 0.5162502041726297, 0.5178833905191919, 0.5219663563904645, 0.5255593663529012, 0.5170667973459108, 0.524089498636128, 0.529479013579783, 0.5379715825819061, 0.5342152539848133, 0.533235342176876, 0.5405846807364056, 0.5351951657927505, 0.5368283521393127, 0.5463008329493731, 0.5394414502938121, 0.5464641515840293, 0.5448309652374672, 0.5440143720641861, 0.5461375143195841, 0.5463008329493731, 0.5562632696585349, 0.5467907888533418, 0.5471174261275215, 0.5510370733592707, 0.5467907888533418, 0.5516903478978955, 0.5565899069327146, 0.5410746366403743, 0.5552833578554649, 0.5606728728039873, 0.5507104360899582, 0.5601829169000186, 0.5562632696634022, 0.5577331373801754, 0.5572431814762068, 0.5539768087733479, 0.552833578340489, 0.5528335783356217, 0.5546300832730345, 0.5562632696682694];[0.06072114010372004, 0.10257666707531751, 0.12287149332353302, 0.13320266241986198, 0.15235411817611585, 0.16909632896402466, 0.1753031973545225, 0.1941688104899917, 0.20155988402986855, 0.21773040957286138, 0.22736738944137377, 0.2442729388705133, 0.2528073829072196, 0.2673445220302993, 0.2796357548293071, 0.2914369717021888, 0.30119645555147206, 0.3118134672716281, 0.32136877782226336, 0.33125076565961936, 0.34117358814283155, 0.34709461391558716, 0.36044754788837513, 0.36628690433169236, 0.37931316101167467, 0.3895218261333176, 0.40099636571552333, 0.4047531544787375, 0.41557433950910283, 0.4255379966612936, 0.4305606598887215, 0.44195353016369854, 0.45118216342396206, 0.458287394343967, 0.4636775695246603, 0.4693944219859897, 0.4792355751634944, 0.49181265058511225, 0.4929968557408803, 0.5048797419322477, 0.5102290824524812, 0.5177426599703908, 0.5209277634953824, 0.5317081138506843, 0.5357099105727021, 0.5444485279117074, 0.5562497447845891, 0.5560455714908089, 0.5660500633034594, 0.5695618441030021, 0.5722977663477238, 0.585609865656401, 0.5887132998586475, 0.5963085466956513, 0.6063538731687615, 0.6057005186099236, 0.6176650741246444, 0.6210135162738292, 0.6303238188610971, 0.6359998366662261, 0.6417575237959254, 0.6420025317586843, 0.6548654497962189, 0.6586222385609543, 0.6669116746306424, 0.6705867940781091, 0.6744252521564623, 0.6830005308518029, 0.6922699987755687, 0.6915349748964196, 0.7064396259557272, 0.7032953571088415, 0.7159541018452941, 0.7195067173065135, 0.7282044999820166, 0.7254277430707503, 0.7331046592396263, 0.7387398423879463, 0.7487443341932951, 0.7534403201510398, 0.7557678957948144, 0.7568295969667691, 0.7678549552884807, 0.765976560909764, 0.7755727061226844]
CNN_Dense_3;0,5673;0,847;0,3026;0,5928;14;50;64;64;GELU;CrossEntropy met labelsmoothing;AdamW;0,0003;0,0001;0;1;Cosine annealing;0.05, 0.10, 0.15, 0.2, 0.3;RandomHorizontalFlip, Normalizer:ImageNet, RandomRotation(10), RandomErasing(p=0.3);5 double blocks of: conv-bn-actf,conv-bn-actf-maxp-drp. Ending with adaptive pooling before cf;[0.12673526046158498, 0.16560509559007403, 0.19255267028279618, 0.21460068590662826, 0.23877184383574798, 0.25053078558453545, 0.2513473787553829, 0.271272252210211, 0.2792748653059319, 0.2764984484924399, 0.2889106647506485, 0.2902172138278982, 0.2874407970922826, 0.29952637605684246, 0.3026294300617705, 0.2876041156490624, 0.2952800915557809, 0.2926669934012815, 0.29985301327504854, 0.29266699326986506, 0.289073983336632, 0.28923730207350096, 0.2866242038654615, 0.2882573902655637, 0.2928303119580613];[0.08648781085567821, 0.14618808444486087, 0.17885581280174678, 0.21050267465809044, 0.24247621380298037, 0.27469476090089334, 0.2996447384418301, 0.32688145697946824, 0.352729797033483, 0.3856833680354929, 0.41524766225706555, 0.4521621952640445, 0.48621830209725203, 0.5266446159475845, 0.5673159378093544, 0.60904896076641, 0.6455143125119821, 0.6934133692361933, 0.7242027032399189, 0.7635673159109947, 0.7913757196841174, 0.8140389562782483, 0.8373555474007931, 0.8585079014800256, 0.8743517497992758]
CNN_Dense_3;0,5012;0,8011;0,2554;0,5442;11;30;64;64;GELU;CrossEntropy met labelsmoothing;AdamW;0,0003;0,0005;0;1;Cosine annealing;0.05, 0.10, 0.15, 0.2, 0.3;RandomHorizontalFlip, Normalizer:ImageNet, RandomRotation(10), RandomErasing(p=0.3);5 double blocks of: conv-bn-actf,conv-bn-actf-maxp-drp. Ending with adaptive pooling before cf;[0.122162338744751, 0.14176057490349672, 0.17654744403173034, 0.1894496162498813, 0.20888453372043078, 0.22815613266097046, 0.2299526376932952, 0.23501551528976145, 0.23975175564368528, 0.2366487016119872, 0.24285480975325974, 0.25543034459745184, 0.2399150743051115, 0.24350808432108823, 0.24007839299087408, 0.24350808429188459, 0.24857096199299725];[0.07333905018762316, 0.12862918045810032, 0.16395116175095795, 0.19596553554535495, 0.2241414512845212, 0.25815672342562773, 0.28735350566533624, 0.31601943731906734, 0.35391400222576014, 0.39511617458466874, 0.44391359384508045, 0.5012046224811301, 0.5622524398794813, 0.6211360202783309, 0.6874515088090628, 0.7435583323587116, 0.7864755604240736]
CNN_resnet34;0,5845;0,8552;0,2706;0,5546;16;30;64;64;GELU;CrossEntropy met labelsmoothing;AdamW;0,0003;0,0005;0;1;Cosine annealing;0.05, 0.10, 0.15, 0.2, 0.3;RandomHorizontalFlip, Normalizer:ImageNet, RandomRotation(10), RandomErasing(p=0.3);5 double blocks of: conv-bn-actf,conv-bn-actf-maxp-drp. Ending with adaptive pooling before cf;[0.10109423487409937, 0.12101910830459114, 0.13000163323501931, 0.1414339376609543, 0.17736403728532144, 0.19745222926772577, 0.20757798466751745, 0.21558059774133556, 0.22619630896721948, 0.24791768745193873, 0.2426914911964799, 0.2609831782779759, 0.26147313405296174, 0.2564102564053891, 0.2505307856088718, 0.2551037073013694, 0.27061897766915255, 0.2665360117784108, 0.2686591540289416, 0.25804344272518126, 0.26098317814899313, 0.2562469378218393];[0.060394462810914394, 0.10882437014605086, 0.13614275796840383, 0.16546204418188565, 0.18408264934060095, 0.20764424843685728, 0.23239005268644775, 0.2566458409916576, 0.2763281473521434, 0.3029115112834818, 0.3323533014859491, 0.36677692025964387, 0.39597370249813535, 0.4399117971151523, 0.4843807423716932, 0.5326064763807998, 0.5845073298300713, 0.6445751153652176, 0.6889623913190934, 0.7438441748870067, 0.7852096859498199, 0.819959982044919]
CNN_densenet34;0,4932;0,7743;0,4764;0,7519;30;70;160;64;GELU;CrossEntropy met labelsmoothing;AdamW;0,0003;0,0005;0;1;Cosine annealing;0.05, 0.10, 0.15, 0.2, 0.3;RandomHorizontalFlip, Normalizer:ImageNet, RandomRotation(20), RandomErasing(p=0.3), resized_crop and color jitter;DenseNet121;[0.1100767597570716, 0.12379552506697679, 0.17899722362944995, 0.18177364039426921, 0.22064347546921823, 0.25249060922474637, 0.25951331051739723, 0.2609831782779759, 0.2972399151716555, 0.3073656704424644, 0.31732810715649346, 0.31324514129008807, 0.32908704892961727, 0.34558223084493844, 0.3447656378030738, 0.36975338877405817, 0.36697697198490253, 0.39327127221809305, 0.3893516250885567, 0.40356034620143455, 0.4053568512605293, 0.4213620774568383, 0.43328433781107834, 0.429528009189649, 0.43687734769563863, 0.4390004899461694, 0.4458598725481904, 0.44373673035119965, 0.45565899062756327, 0.4639882410729066, 0.4764004573067789, 0.4597419566497214, 0.4703576678001626, 0.46970439323233404, 0.475257226839849, 0.4719908540931847];[0.07190983707457263, 0.10874270080931069, 0.13700028583045354, 0.164400343005063, 0.1809792151456563, 0.20229490791327703, 0.21964963862299067, 0.235779329504611, 0.2552982971995267, 0.26636449019386776, 0.2802891093838857, 0.2972763281461145, 0.30871003306877315, 0.3233696761908783, 0.33643676754896645, 0.3491363469069359, 0.35897750009478485, 0.37065621300819257, 0.3809465474160715, 0.39209440975445453, 0.4028339254505136, 0.40891828982494843, 0.4219037118852394, 0.433990771370387, 0.4475887133193204, 0.45306055782093335, 0.46122748987395007, 0.4713136510355105, 0.4761729756144059, 0.48748417657272275, 0.49324186371337486, 0.5049205766048772, 0.5115766262427868, 0.5206827555691326, 0.5314631058818406, 0.5381599902240208]
